{
  "timestamp": "2026-06-14 22:56:12",
  "loss": -80.714,
  "weights": {
    "position_top_n": {
      "FW": 5,
      "MID": 4,
      "DEF": 8,
      "GK": 1
    },
    "status_weights": {
      "g_per_goal": 200.0,
      "a_per_assist": 10.0,
      "who_bonus_base": 3.0,
      "who_bonus_denom": 6.0
    },
    "nat_intl": {
      "g_per_goal": 1000.0,
      "a_per_assist": 443.0
    },
    "def_gk_weights": {
      "base_factor": 1.3169372201444802,
      "honors_per_champ": 41.0,
      "wc_per_ga": 137.0
    },
    "player_to_total": {
      "player_share": 0.3944139434489216,
      "coach_share": 0.6055860565510784
    },
    "smoothing": {
      "player_div": 9360.0,
      "coach_div": 787.0,
      "rank_div": 3158.0
    },
    "venue_weights": {
      "altitude_threshold": 500.0,
      "altitude_penalty": 0.7874493293270917,
      "temp_threshold": 50.0,
      "temp_penalty": 0.9130252038022821
    },
    "venue_adaptation_weight": 0.877277891058475,
    "depth": {
      "squad_std_penalty": 0.3130237351331239,
      "squad_std_threshold": 0.7991545709135106
    },
    "possession": {
      "rank_tier1": 0.5779388616018803,
      "rank_tier2": 0.5,
      "rank_tier3": 0.5342312277230958,
      "rank_tier4": 0.4458453366483486,
      "rank_tier5": 0.5424072009124539
    },
    "lambda_cap": 2.5
  }
}